English,True_Manipuri_Bengali,True_Manipuri_Meetei,,,,,,,,,,,,,,,,,,,,,,,,,,,,,,,,,,,,,,,,,,,,,,,,,,,,,
"The rare and graceful Guará, resembling a flamingo with a long, curved beak, is found only on Caju Island.",মঙক শাংবা উচেক ফ্লেমিঙ্গো মানবা অশাংবা অকোনবা মচিন পানবা য়াম্না তাংনা ফংবা অমসুং চিং-লেম্না ফজরবা গুআরা হায়রিবা উচেক মখল অসি কাজু ঈথৎখক্তদা থম্মী।,"ꯂꯝꯕꯥ, ꯀꯨꯄꯁꯤꯜꯂꯕꯥ ꯈꯣꯡꯎꯞ ꯑꯃꯥ ꯂꯩꯕꯥ ꯐ꯭ꯂꯦꯃꯤꯡꯒꯣ ꯑꯃꯒꯥ ꯃꯥꯟꯅꯕꯥ ꯌꯥꯝꯅꯥ ꯊꯨꯅꯥ ꯊꯣꯀꯄꯥ ꯑꯃꯁꯨꯡ ꯃꯁꯛ ꯊꯣꯀꯄꯥ ꯒꯨꯌꯥꯔꯥ ꯑꯁꯤ ꯀꯥꯖꯨ ꯑꯥꯏꯂꯦꯟꯗ ꯈꯛꯇꯗꯥ ꯎꯕꯥ ꯐꯪꯏ꯫",,,,,,,,,,,,,,,,,,,,,,,,,,,,,,,,,,,,,,,,,,,,,,,,,,,,,
"There is only one small pousada here, but the ecotourism options are endless! Another unforgettable option is to stay in one of the surrounding towns, where the infrastructure for ecotourism is developing rapidly, while maintaining its historical charm from the days when it was the seventh largest port in the country.","মফম অসিদা অপিকপা পৌসাদা অমখক লৈ, অদুবু মহৌশাগী ওইবা লমকোয়বগা মরি লৈনবা অমদি মহৌশাগী দৃশ্য কয়া অসিদা চৎনবা মফমশিংদি লোয়বা নাইদে! অতোপ্পা নহাক্না কাওবা ঙম্লোইদবা অমনা প্রকৃতিগা য়াম্না নক্নবা লমকোয়বগী লমদা য়াম্না থুনা চাওখৎলকপা অসিনি, মতম কয়াগী মমাংদগী মফম অসিগী ওইবা ইতিহাসিক্কা মরি লৈননা ফজহন্নবা শেম-শারিবা মফম অসি লৈবাক অসিগী ওইবা খ্বাইদগী চাওবা ৭ শুবা জহাজ থাংফম্নি।","ꯃꯐꯝ ꯑꯁꯤꯗꯥ ꯑꯄꯤꯀꯄꯥ ꯄꯎꯁꯥꯗꯥ ꯑꯃꯈꯛꯇꯃꯛ ꯂꯩꯔꯤ, ꯑꯗꯨꯕꯨ ꯏꯀꯣꯇꯨꯔꯤꯖꯃꯒꯤ ꯑꯣꯄꯁꯅꯁꯤꯡꯗꯤ ꯂꯣꯏꯕꯥ ꯅꯥꯏꯗꯦ! ꯑꯇꯣꯞꯄꯥ ꯀꯥꯑꯣꯔꯣꯏꯗꯕꯥ ꯑꯣꯄꯁꯟ ꯑꯃꯗꯤ ꯏꯀꯣꯇꯨꯔꯤꯖꯃꯒꯤ ꯏꯅꯐ꯭ꯔꯥꯁ꯭ꯠꯔꯀꯆꯔ ꯌꯥꯝꯅꯥ ꯌꯥꯡꯅꯥ ꯆꯥꯎꯈꯠꯂꯛꯂꯤꯕꯥ ꯑꯀꯣꯌꯕꯗꯥ ꯂꯩꯕꯥ ꯁꯍꯔ ꯑꯃꯗꯥ ꯂꯩꯕꯥ ꯑꯁꯤꯅꯤ, ꯑꯗꯨꯒꯥ ꯂꯩꯕꯥꯛ ꯑꯁꯤꯒꯤ ꯷ꯁꯨꯕꯥ ꯈ꯭ꯕꯥꯏꯗꯒꯤ ꯆꯥꯎꯕꯥ ꯄꯣꯔꯠ ꯑꯣꯏꯔꯝꯕꯥ ꯃꯇꯃꯗꯒꯤ ꯄꯨꯋꯥꯔꯤꯒꯤ ꯑꯣꯏꯕꯥ ꯃꯑꯣꯡ ꯃꯇꯧ ꯑꯗꯨ ꯉꯥꯛꯇꯨꯅꯥ ꯊꯝꯂꯤ꯫",,,,,,,,,,,,,,,,,,,,,,,,,,,,,,,,,,,,,,,,,,,,,,,,,,,,,
"Fly into Teresina, the capital of the state of Piauí, and from there to Parnaíba the drive is 220 miles, followed by a 4 hour boat ride to Caju Island.",কাজু ঈথৎ তম্না চৎনবগীদমক পিয়াউই রাজ্যগী কোনুং টেরেসিনাদগী এরোপ্লেন তোংদুনা অমদি পরনাইবাদগী মাইল্স ২২০ হি তোংদুনা পুং ৪ চৎলগা য়ৌই।,"ꯄꯤꯌꯥꯎꯏ ꯔꯥꯖ꯭ꯌꯒꯤ ꯀꯦꯄꯤꯇꯦꯜ ꯑꯣꯏꯔꯤꯕꯥ ꯇꯦꯔꯦꯁꯤꯅꯥꯗꯥ ꯎꯔꯦ, ꯑꯃꯁꯨꯡ ꯃꯐꯝ ꯑꯗꯨꯗꯒꯤ ꯄꯥꯔꯅꯥꯏꯕꯥ ꯐꯥꯑꯣꯕꯥ ꯗ꯭ꯔꯥꯏꯕ ꯑꯁꯤ ꯃꯥꯏꯜ ꯲꯲꯰ꯅꯤ, ꯃꯗꯨꯒꯤ ꯃꯇꯨꯡꯗꯥ ꯄꯨꯡ ꯴ꯒꯤ ꯕꯣꯠ ꯊꯧꯗꯨꯅꯥ ꯀꯥꯖꯨ ꯑꯥꯏꯂꯦꯟꯗꯗꯥ ꯆꯠꯀꯅꯤ꯫",,,,,,,,,,,,,,,,,,,,,,,,,,,,,,,,,,,,,,,,,,,,,,,,,,,,,
I am a student.,ঐ মহৈরোই অমনি।,ꯑꯩ ꯃꯍꯩꯔꯣꯏ ꯑꯃꯅꯤ꯫,,,,,,,,,,,,,,,,,,,,,,,,,,,,,,,,,,,,,,,,,,,,,,,,,,,,,
What is your name?,নমিং করি কৌবগে?,ꯅꯃꯤꯡ ꯀꯔꯤ ꯀꯧꯕꯒꯦ?,,,,,,,,,,,,,,,,,,,,,,,,,,,,,,,,,,,,,,,,,,,,,,,,,,,,,
Education is very important.,লাইরিক তম্বা অসি য়াম্না মরু ওই।,ꯂꯥꯏꯔꯤꯛ ꯇꯝꯕꯥ ꯑꯁꯤ ꯌꯥꯝꯅꯥ ꯃꯔꯨ ꯑꯣꯏ꯫,,,,,,,,,,,,,,,,,,,,,,,,,,,,,,,,,,,,,,,,,,,,,,,,,,,,,
Where are you going?,নহাক কদাইদা চৎকদবা?,ꯅꯍꯥꯛ ꯀꯗꯥꯏꯗꯥ ꯆꯠꯀꯗꯕꯥ?,,,,,,,,,,,,,,,,,,,,,,,,,,,,,,,,,,,,,,,,,,,,,,,,,,,,,
South India’s legendary king Tipu Sultan held Bekal Fort before losing it to the British East India Company. ,খাথংবা ভারতকী মীয়াম্না সক-শোন্নবা য়াম্না ফাওবা নিংথৌ তিপু সুলতাননা বেকাল ফোর্ট অসি ব্রিটিশ ইষ্ট ইন্দিয়া কমপ্যানিনা লৌশিনদ্রিঙৈ মমাংদা পানলম্মী।,ꯂꯣꯌꯥꯅꯕꯥ ꯕꯦꯀꯜ ꯐꯣꯔꯇꯅꯤꯒꯤ ꯄꯨꯋꯥꯔꯤ ꯑꯁꯤ ꯱꯲ꯁꯨꯕꯥ ꯆꯍꯤꯆꯥꯒꯤ ꯄꯨꯋꯥꯔꯤꯒꯤ ꯔꯦꯀꯣꯔꯗ ꯑꯃꯅꯤ꯫,,,,,,,,,,,,,,,,,,,,,,,,,,,,,,,,,,,,,,,,,,,,,,,,,,,,,
The grand fort presides over the lovely Bekal Beach.,অচৌবা লানবল অসি য়াম্না ফজরবা বেকাল বীচতা লৈ।,ꯑꯆꯧꯕꯥ ꯂꯅꯕꯜ ꯑꯁꯤ ꯌꯥꯃꯅꯥ ꯐꯖꯔꯕꯥ ꯕꯦꯀꯜ ꯕꯤꯆꯇꯥ ꯂꯤ꯫,,,,,,,,,,,,,,,,,,,,,,,,,,,,,,,,,,,,,,,,,,,,,,,,,,,,,
"Kannur is a seat of North Malabar’s ancient folk art, Theyyam.",কান্নুর অসি অৱাংথংবা মালাবারগী অরিবা ফোক আর্ট থেয়ামগী লৈফমনি।,ꯀꯟꯅꯨꯔꯒꯤ ꯑꯣꯁꯤ ꯑꯋꯥꯡꯊꯣꯡꯕꯥ ꯃꯥꯂꯥꯕꯔꯒꯤ ꯑꯔꯤꯕꯥ ꯐꯣꯛ ꯑꯥꯔꯠ ꯊꯤꯌꯥꯃꯒꯤ ꯂꯥꯏꯐꯃꯅꯤ꯫,,,,,,,,,,,,,,,,,,,,,,,,,,,,,,,,,,,,,,,,,,,,,,,,,,,,,
"Theyyam is a ritualistic amalgam of worship, dance, music and mine, played out in front of shrines in honour of the deities, with the  most spectacular headgear and ornamentation. ","থেয়াম অসি ইরাৎ-থৌনি, জগোয়, ঈশৈ-নোংমাইগী য়ানশন্নরবা ধর্ম্মগী থৌরম অমনি মসি য়াম্না ফজবা লুহুপ অমসুং লৈতেংগা লোয়ননা লাইগী থৌরম তৌবা মতমদা লাইমাঙদা পাংথোকই।","ꯃꯈꯣꯌꯅꯥ ꯈ꯭ꯕꯥꯏꯗꯒꯤ ꯃꯔꯨ ꯑꯣꯏꯕꯥ, [...]",,,,,,,,,,,,,,,,,,,,,,,,,,,,,,,,,,,,,,,,,,,,,,,,,,,,,
"At Prassinikadavu Muthappan Temple, Theyyam is performed every day.",প্রাসীনিকাদাভু মুথাপ্পান লাইশঙদা থেয়াম অসি নুমিৎ খুদিংগী শান্নৈ নত্ত্রগা উৎলি।,ꯗꯤ ꯄ꯭ꯔꯁꯤꯅꯤꯀꯥꯗꯚꯨ ꯃꯨꯊꯥꯞꯄꯥꯟ ꯂꯥꯏꯁꯥꯉ꯭ꯒꯗꯥ ꯊꯤꯌꯥꯝ ꯑꯁꯤ ꯅꯨꯃꯤꯠ ꯈꯨꯗꯤꯡꯒꯤ ꯁꯟꯅꯣꯏ ꯅꯠꯔꯒ ꯎꯇꯂꯤ꯫,,,,,,,,,,,,,,,,,,,,,,,,,,,,,,,,,,,,,,,,,,,,,,,,,,,,,
"Kannur also has the impressive Portuguese citadel Fort St. Angelo, its bulk silhouetted against the Arabian Sea.",কান্নুর অসিসু পুক্নিং হুরবা পোর্টুগীজগী সহর অকোয়বদা খাগৎপা লানবন সেন্ট এঞ্জেলো লৈ অমসুং মসিগী অচৌবা মুর্তি অসি অরাবিয়ান সি মায়োক্ননা লৈ।,"ꯀꯟꯅꯨꯔ ꯑꯁꯤ ꯄꯣꯔꯇꯨꯒꯤꯖ ꯁꯍꯔ ꯑꯃꯅꯤ, ꯑꯃꯁꯨꯡ ꯁꯦꯟꯇ ꯑꯦꯟꯖꯦꯂꯣ ꯁꯍꯔ ꯑꯁꯤ ꯑꯄꯤꯀꯄꯥ ꯁꯤꯡꯂꯨꯞ ꯑꯃꯅꯤ, ꯑꯃꯁꯨꯡ ꯃꯨꯔꯇꯤꯁꯤꯡ ꯑꯁꯤ ꯑꯔꯕ ꯑꯃꯁꯨꯡ ꯃꯥꯌꯥꯒꯤꯅꯤ꯫",,,,,,,,,,,,,,,,,,,,,,,,,,,,,,,,,,,,,,,,,,,,,,,,,,,,,
"Fort St. Angelo was made by the first Portuguese victory of the area in 1505 and has some cashew trees, initially said to be planted by the Portugues.",সেন্ট এঞ্জেলোগী লানবল অসি ইং ১৫০৫ দা মফম অসিদা ইহান হান্না পানলম্বা পোর্টুগীজনা শারম্মী অমসুং পোর্টুগীজনা অহৌবদগী থারম্মী হায়বা কাজু পাম্বী খরা হৌই।,ꯁꯦꯟꯇ ꯑꯦꯟꯖꯦꯂꯣꯒꯤ ꯂꯅꯕꯜ ꯑꯎꯁꯤ ꯏꯪ ꯱꯵꯰꯵ ꯗꯥ ꯃꯣꯐꯝ ꯑꯎꯁꯤꯗꯥ ꯏꯍꯥꯟ ꯍꯥꯟꯅꯥ ꯄꯥꯅꯥꯂꯝꯕꯥ ꯄꯣꯔꯇꯨꯒꯤꯖ ꯁꯔꯃꯤ ꯑꯃꯁꯨꯡ ꯄꯣꯔꯇꯨꯒꯤꯖ ꯑꯍꯣꯕꯥꯗꯒꯤ ꯊꯦꯔꯥꯃꯤ ꯍꯥꯌꯕꯥ ꯀꯥꯖꯨ ꯄꯥꯝꯕꯤ ꯈꯥꯔꯥ ꯍꯧꯏ꯫,,,,,,,,,,,,,,,,,,,,,,,,,,,,,,,,,,,,,,,,,,,,,,,,,,,,,
Thalassery was the first British settlement on the Malabar Coast.,থালাশেরী অসি মালাবারগী সমুদ্রা খোংবান্দা ব্রিটিশনা ইহান হান্না খুন্দাবা মফমনি।,"ꯊꯂꯥꯁꯦꯔꯤ, ꯑꯣꯁꯤ, ꯃꯥꯂꯥꯕꯥꯔ, ꯁꯃꯨꯗ꯭ꯔꯥ, ꯈꯣꯡꯕꯟꯗꯥ, ꯕ꯭ꯔꯤꯇꯤꯁ, ꯏꯍꯥꯟ, ꯍꯥꯟꯅꯥ, ꯈꯨꯟꯗꯥꯕꯥ, ꯃꯣꯐꯃꯅꯤ꯫",,,,,,,,,,,,,,,,,,,,,,,,,,,,,,,,,,,,,,,,,,,,,,,,,,,,,
"Standing testimony is the 17th contury sea-side Thellicherry Fort built by the British, its ramparts still massive and seemingly impermeable.",ষ্টেন্দিং টেষ্টিমোনি হায়ববু ব্রিটিশনা শারম্বা ১৭ শুবা চহিচাগী সমুদ্রা মপানগী থেল্লীচেরী ফোর্ট অসিনি অমসিং মসিগী অপুনবা অচৌবা লৈপনগী লালবলশিং অসি হৌজিকফাওবা ফাওদোক্তুনা চৎপা ঙম্মোই।,ꯁ꯭ꯇꯦꯟꯗꯤꯡ ꯇꯦꯁ꯭ꯇꯤꯃꯣꯅꯤ ꯍꯥꯌꯕꯨ ꯕ꯭ꯔꯤꯇꯤꯁ ꯁꯝꯚꯥꯂꯥ ꯱꯷ ꯁꯨꯕꯥ ꯆꯥꯍꯤꯆꯥꯒꯤ ꯁꯃꯨꯗ꯭ꯔ ꯃꯄꯥꯉ꯭ꯒꯤ ꯊꯦꯜꯂꯤꯆꯦꯔꯤ ꯐꯣꯔꯠ ꯑꯁꯤꯅꯤ ꯑꯃꯁꯤꯡ ꯃꯥꯁꯤꯒꯤ ꯑꯄꯨꯅꯕꯥ ꯑꯆꯧꯕꯥ ꯂꯥꯏꯄꯉ꯭ꯒꯥꯏ ꯂꯥꯂꯕꯂꯁꯤꯡ ꯑꯁꯤ ꯍꯧꯖꯤꯀꯐꯥꯑꯣꯕꯥ ꯐꯥꯑꯣꯗꯣꯀꯇꯨꯅꯥ ꯆꯇꯄꯥ ꯅ꯭ꯃꯃꯣꯏ꯫,,,,,,,,,,,,,,,,,,,,,,,,,,,,,,,,,,,,,,,,,,,,,,,,,,,,,
"Check out the unusual 500 year old Odathil Palli Mosque built on the plan of a typical Kerala Hindu temple; surprisingly for a mosque, it has no minarets of domes.",তোপতোপ্পা কেরালাগী হিন্দু লাইশঙ অমা ওইনবা থৌরাংদুনা শাখিবা শীংথানিঙাই ওইবা চহি ৫০০ শুরবা ওদাথীল পাল্লী মোস্ক য়েংউ অমসুং অঙকপা মোস্ক অমা ওইনা মসিগী য়ুমথক্কী চোঙাবোনশিংগী চুড়া য়াওদে।,"ꯀꯦꯔꯂꯥꯒꯤ ꯍꯤꯟꯗꯨ ꯀꯝꯝꯌꯨꯅꯤꯇꯤꯅꯥ ꯃꯁꯤꯒꯤ ꯆꯍꯤ ꯵꯰꯰ ꯁꯨꯔꯕꯥ ꯂꯥꯏꯁꯉ, ꯑꯣꯗꯥꯊꯤꯜ ꯄꯥꯜꯂꯤ ꯃꯁꯖꯤꯗ ꯑꯃꯁꯨꯡ ꯂꯃꯗꯝ ꯑꯁꯤꯒꯤ ꯃꯊꯛꯇꯥ ꯂꯩꯕꯥ ꯑꯉ꯭ꯒꯀꯥꯄꯥ ꯃꯁꯖꯤꯗ ꯑꯁꯤꯒꯤꯗꯃꯛ ꯌꯥꯝꯅꯥ ꯆꯥꯎꯊꯣꯀꯆꯩ꯫",,,,,,,,,,,,,,,,,,,,,,,,,,,,,,,,,,,,,,,,,,,,,,,,,,,,,
"Five km away at Kadiroor is Suryanarayan Temple, its initial structure dating back to the 13th century.",১৩শুবা চহিচাদা শাখিবা সুর্য়ানারায়ন লাইশঙ অসি কিঃ মিঃ মঙা লাপ্না কাদিরুরদা লৈ।,꯱꯳ ꯁꯨꯕꯥ ꯆꯥꯍꯤꯆꯥꯗꯥ ꯁꯥꯈꯤꯕꯥ ꯁꯨꯔꯌꯅꯥꯔꯥꯌꯟ ꯂꯥꯏꯁꯥꯡ ꯑꯁꯤ ꯀꯤ: ꯁ꯭ꯔꯤ ꯃꯥꯉ꯭ꯒꯥ ꯂꯄꯅꯥ ꯀꯥꯗꯤꯔꯨꯔꯗꯥ ꯂꯣꯏ꯫,,,,,,,,,,,,,,,,,,,,,,,,,,,,,,,,,,,,,,,,,,,,,,,,,,,,,
"Take time for a diversion to Mahe, once a tiny French outpost.",মতম অমদা অপিকপা ফ্রান্সগী আওটপোষ্ট ওইবা মাহে দা হরাও-কুহ্মৈ ঙাইহাক য়াও।,ꯐ꯭ꯔꯥꯟꯁꯀꯤ ꯑꯥꯎꯠꯄꯣꯁ꯭ꯠ ꯑꯁꯤ ꯆꯠꯅꯕꯥ ꯌꯥꯕꯥ ꯑꯆꯧꯕꯥ ꯃꯐꯝ ꯑꯃꯅꯤ꯫,,,,,,,,,,,,,,,,,,,,,,,,,,,,,,,,,,,,,,,,,,,,,,,,,,,,,
,,,,,,,,,,,,,,,,,,,,,,,,,,,,,,,,,,,,,,,,,,,,,,,,,,,,,,,
,,,,,,,,,,,,,,,,,,,,,,,,,,,,,,,,,,,,,,,,,,,,,,,,,,,,,,,
,,,,,,,,,,,,,,,,,,,,,,,,,,,,,,,,,,,,,,,,,,,,,,,,,,,,,,,
,,,,,,,,,,,,,,,,,,,,,,,,,,,,,,,,,,,,,,,,,,,,,,,,,,,,,,,
,,,,,,,,,,,,,,,,,,,,,,,,,,,,,,,,,,,,,,,,,,,,,,,,,,,,,,,
,,,,,,,,,,,,,,,,,,,,,,,,,,,,,,,,,,,,,,,,,,,,,,,,,,,,,,,
,,,,,,,,,,,,,,,,,,,,,,,,,,,,,,,,,,,,,,,,,,,,,,,,,,,,,,,
,,,,,,,,,,,,,,,,,,,,,,,,,,,,,,,,,,,,,,,,,,,,,,,,,,,,,,,
,,,,,,,,,,,,,,,,,,,,,,,,,,,,,,,,,,,,,,,,,,,,,,,,,,,,,,,
,,,,,,,,,,,,,,,,,,,,,,,,,,,,,,,,,,,,,,,,,,,,,,,,,,,,,,,
,,,,,,,,,,,,,,,,,,,,,,,,,,,,,,,,,,,,,,,,,,,,,,,,,,,,,,,
,,,,,,,,,,,,,,,,,,,,,,,,,,,,,,,,,,,,,,,,,,,,,,,,,,,,,,,
,,,,,,,,,,,,,,,,,,,,,,,,,,,,,,,,,,,,,,,,,,,,,,,,,,,,,,,
,,,,,,,,,,,,,,,,,,,,,,,,,,,,,,,,,,,,,,,,,,,,,,,,,,,,,,,
,,,,,,,,,,,,,,,,,,,,,,,,,,,,,,,,,,,,,,,,,,,,,,,,,,,,,,,
,,,,,,,,,,,,,,,,,,,,,,,,,,,,,,,,,,,,,,,,,,,,,,,,,,,,,,,
,,,,,,,,,,,,,,,,,,,,,,,,,,,,,,,,,,,,,,,,,,,,,,,,,,,,,,,
,,,,,,,,,,,,,,,,,,,,,,,,,,,,,,,,,,,,,,,,,,,,,,,,,,,,,,,
,,,,,,,,,,,,,,,,,,,,,,,,,,,,,,,,,,,,,,,,,,,,,,,,,,,,,,,
,,,,,,,,,,,,,,,,,,,,,,,,,,,,,,,,,,,,,,,,,,,,,,,,,,,,,,,
,,,,,,,,,,,,,,,,,,,,,,,,,,,,,,,,,,,,,,,,,,,,,,,,,,,,,,,
,,,,,,,,,,,,,,,,,,,,,,,,,,,,,,,,,,,,,,,,,,,,,,,,,,,,,,,
,,,,,,,,,,,,,,,,,,,,,,,,,,,,,,,,,,,,,,,,,,,,,,,,,,,,,,,
,,,,,,,,,,,,,,,,,,,,,,,,,,,,,,,,,,,,,,,,,,,,,,,,,,,,,,,
,,,,,,,,,,,,,,,,,,,,,,,,,,,,,,,,,,,,,,,,,,,,,,,,,,,,,,,
,,,,,,,,,,,,,,,,,,,,,,,,,,,,,,,,,,,,,,,,,,,,,,,,,,,,,,,
,,,,,,,,,,,,,,,,,,,,,,,,,,,,,,,,,,,,,,,,,,,,,,,,,,,,,,,
,,,,,,,,,,,,,,,,,,,,,,,,,,,,,,,,,,,,,,,,,,,,,,,,,,,,,,,
,,,,,,,,,,,,,,,,,,,,,,,,,,,,,,,,,,,,,,,,,,,,,,,,,,,,,,,
,,,,,,,,,,,,,,,,,,,,,,,,,,,,,,,,,,,,,,,,,,,,,,,,,,,,,,,
,,,,,,,,,,,,,,,,,,,,,,,,,,,,,,,,,,,,,,,,,,,,,,,,,,,,,,,
,,,,,,,,,,,,,,,,,,,,,,,,,,,,,,,,,,,,,,,,,,,,,,,,,,,,,,,
,,,,,,,,,,,,,,,,,,,,,,,,,,,,,,,,,,,,,,,,,,,,,,,,,,,,,,,
,,,,,,,,,,,,,,,,,,,,,,,,,,,,,,,,,,,,,,,,,,,,,,,,,,,,,,,
,,,,,,,,,,,,,,,,,,,,,,,,,,,,,,,,,,,,,,,,,,,,,,,,,,,,,,,
,,,,,,,,,,,,,,,,,,,,,,,,,,,,,,,,,,,,,,,,,,,,,,,,,,,,,,,
,,,,,,,,,,,,,,,,,,,,,,,,,,,,,,,,,,,,,,,,,,,,,,,,,,,,,,,
,,,,,,,,,,,,,,,,,,,,,,,,,,,,,,,,,,,,,,,,,,,,,,,,,,,,,,,
,,,,,,,,,,,,,,,,,,,,,,,,,,,,,,,,,,,,,,,,,,,,,,,,,,,,,,,
,,,,,,,,,,,,,,,,,,,,,,,,,,,,,,,,,,,,,,,,,,,,,,,,,,,,,,,
,,,,,,,,,,,,,,,,,,,,,,,,,,,,,,,,,,,,,,,,,,,,,,,,,,,,,,,
,,,,,,,,,,,,,,,,,,,,,,,,,,,,,,,,,,,,,,,,,,,,,,,,,,,,,,,
,,,,,,,,,,,,,,,,,,,,,,,,,,,,,,,,,,,,,,,,,,,,,,,,,,,,,,,
,,,,,,,,,,,,,,,,,,,,,,,,,,,,,,,,,,,,,,,,,,,,,,,,,,,,,,,
,,,,,,,,,,,,,,,,,,,,,,,,,,,,,,,,,,,,,,,,,,,,,,,,,,,,,,,
,,,,,,,,,,,,,,,,,,,,,,,,,,,,,,,,,,,,,,,,,,,,,,,,,,,,,,,
,,,,,,,,,,,,,,,,,,,,,,,,,,,,,,,,,,,,,,,,,,,,,,,,,,,,,,,
,,,,,,,,,,,,,,,,,,,,,,,,,,,,,,,,,,,,,,,,,,,,,,,,,,,,,,,
,,,,,,,,,,,,,,,,,,,,,,,,,,,,,,,,,,,,,,,,,,,,,,,,,,,,,,,
,,,,,,,,,,,,,,,,,,,,,,,,,,,,,,,,,,,,,,,,,,,,,,,,,,,,,,,
,,,,,,,,,,,,,,,,,,,,,,,,,,,,,,,,,,,,,,,,,,,,,,,,,,,,,,,
,,,,,,,,,,,,,,,,,,,,,,,,,,,,,,,,,,,,,,,,,,,,,,,,,,,,,,,
,,,,,,,,,,,,,,,,,,,,,,,,,,,,,,,,,,,,,,,,,,,,,,,,,,,,,,,
,,,,,,,,,,,,,,,,,,,,,,,,,,,,,,,,,,,,,,,,,,,,,,,,,,,,,,,
,,,,,,,,,,,,,,,,,,,,,,,,,,,,,,,,,,,,,,,,,,,,,,,,,,,,,,,
